<?xml version="1.0"?>

<data>
    <value type="dict">
    <value type="string" key="sys.config.path">/etc/my.cnf</value>
    <value type="string" key="sys.config.section">mysqld</value>
      
    <value type="string" key="sys.mysqld.start">/bin/systemctl start mysqld</value>
    <value type="string" key="sys.mysqld.stop">/bin/systemctl stop mysqld</value>
    <value type="string" key="sys.mysqld.status">ps -C mysqld -o pid=</value>
    <value type="int" key="sys.usesudo">1</value>
    <value type="int" key="sys.usesudostatus">0</value>

    <value type="string" key="sys.system">Linux</value>
    <value type="string" key="serverVersion">5.5</value>
  </value>
</data>
  
