<?xml version="1.0"?>

<data>
    <value type="dict">
    <value type="string" key="sys.config.path">/etc/my.cnf</value>
    <value type="string" key="sys.config.section">mysqld</value>
      
    <value type="string" key="sys.mysqld.start">/usr/local/mysql/support-files/mysql.server start</value>
    <value type="string" key="sys.mysqld.stop">/usr/local/mysql/support-files/mysql.server stop</value>
    <value type="string" key="sys.mysqld.status">ps xa | grep "/usr/local/mysql.*/bin/[m]ysqld"</value>
    <value type="int" key="sys.usesudo">1</value>
    <value type="int" key="sys.usesudostatus">0</value>

    <value type="string" key="sys.system">MacOS X</value>
    <value type="string" key="serverVersion">5.1</value>
  </value>
</data>
  
