<?xml version="1.0"?>

<data>
    <value type="dict">
    <value type="string" key="sys.config.path">/etc/mysql/my.cnf</value>
    <value type="string" key="sys.config.section">mysqld</value>
      
    <value type="string" key="sys.mysqld.start">start mysql</value>
    <value type="string" key="sys.mysqld.stop">stop mysql</value>
    <value type="string" key="sys.mysqld.status">status mysql | grep running</value>
    <value type="int" key="sys.usesudo">1</value>
    <value type="int" key="sys.usesudostatus">0</value>

    <value type="string" key="sys.system">Linux</value>
    <value type="string" key="serverVersion">5.1</value>
  </value>
</data>
  
