<actions>
	<!-- <constant name="multipart.modifyFileName" value="false"></constant> -->
	<constant name="multipart.maxsize" value="31454280"></constant>
	<constant name="multipart.saveDir" value="JxQtData/upload"></constant>
	<constant name="multipart.temp" value="temp"></constant>
	<constant name="multipart.isDateDirectory" value="true"></constant>
	<!--match的1代表是第一个*号，如何可以通过action来确定viewName则配置此参数，会自动收集对应的表单对象 -->
	<action name="*\.query" class="cn.jxqt.action.QueryAction"
		match="{1}" validate_token="false">
		<result name="success">user_file/{1}/{1}.jsp</result>
		<result name="body">user_file/{1}/{1}_body.jsp</result>
		<result name="update">user_file/{1}/{1}_update.jsp</result>
	</action>
	<!-- validate_token="true" -->
	<action name="*_*" class="cn.jxqt.action.OperateAction" match="{1}" >
		<result name="success">user_file/{1}/{1}_{2}.jsp</result>
		<result name="import">user_file/{1}/{1}_add.jsp</result>
		<result name="update">user_file/{1}/{1}.jsp</result>
	</action>

	<action name="*\.verify" class="cn.jxqt.action.VerifyInfoAction">
		<result name="success">user_file/Verify/{1}.jsp</result>
		<result name="other">user_file/Verify/{1}_body.jsp</result>
		<result name="Modify">user_file/Verify/{1}_Modify.jsp</result>
	</action>


	<action name="*\.commit" class="cn.jxqt.action.VerifyAction">
		<result name="default">user_file/Verify/{1}.jsp</result>
		<result name="modifydelete">user_file/Verify/{1}_Modify.jsp</result>
	</action>
	<action name="*\.export" class="cn.jxqt.action.ExportAction" match="{1}">
		<result name="success" type="direct"></result>
	</action>

	<include file="sxz.xml"></include>
	<include file="zxb.xml"></include>
	<include file="lh.xml"></include>
	<include file="dynamo.xml"></include>
	<include file="sxh.xml"></include>
</actions>