<?xml version="1.0" encoding="UTF-8"?>
<export>
	<project name="labtest">
		<property field="01getDete_id">检测编号</property>
		<property field="02getLab_id">实验室编号</property>
		<property field="03getLab_name">实验室名称</property>
		<property field="04getTechnology">检测技术</property>
		<property field="05getPerson">检测人员</property>
		<property field="06getMbr_workdate">检测室负责人</property>
		<property field="07getCycle">检测周期</property>
		<property field="08getCharge">检测费用</property>
		<property field="09getIsApprove">CNAS认可</property>
		<property field="10getSubcontractor">分包</property>
		<property field="11getSub_charge">分包费用</property>
		<property field="12getSub_lab">分包实验室</property>
		<property field="13getMbr_stop">项目是否暂停</property>
		<property field="14getMbr_reason">暂停原因</property>
		<property field="15getP_id">样品编号</property>
		<property field="16getMbr_id">检测项目编号</property>
		<property field="17getStandby">备用</property>
		<property field="18getSta_id">标准编号</property>
		<property field="19getP_name">样品名称</property>
		<property field="getP_category">样品类别</property>
		<property field="getMbr_cname">检测项目中文名称</property>
		<property field="getResidue">残留物定义</property>
		<property field="getM_id">方法编号</property>
		<property field="getM_name">方法名称</property>
		<property field="getLine">方法测定底限</property>
		<property field="getUnit">底限单位</property>
		<property field="getDepart">检测部门</property>
	</project>
	
	<project name="alarm">
	    <property field="01getCountries">国家地区</property>
		<property field="02getMechanism">发布机构</property>
		<property field="03getRel_date">发布日期</property>
		<property field="04getEnterprise">企业</property>
		<property field="05getBrand">品牌</property>
		<property field="06getOrigin">原产地</property>
		<property field="07getDescription">产品名称及描述</property>
		<property field="08getReject_des">不合格项目</property>
		<property field="09getMeasures">采取措施</property>
		<property field="10getCategory">产品分类</property>
		<property field="11getMbrsort">不合格项目分类</property>
		<property field="12getDocument">网络链接</property>
		<property field="13getEditor">编报人</property>
  </project>
  
  <project name="hazards">
        <property field="01getMbr_cname">农药名称</property>
		<property field="02getMbr_ename">农药英文名称</property>
		<property field="03getResidue">残留物定义</property>
		<property field="04getE_residue">残留物定义（英文）</property>
		<property field="05getCas_id">农药CAS号</property>
		<property field="06getP_category">食品类别</property>
		<property field="07getP_name">样品名称</property>
		<property field="08getLimited">最大残留限量</property>
		<property field="09getLimited_unit">限量单位</property>
		<property field="10getM_id">检测方法</property>
		<property field="11getMea_site">测定部位</property>
		<property field="12getB_name">标准名称</property>
		<property field="13getEffect_date">生效日期</property>
  </project>

   <project name="standard">
        <property field="01getM_id">标准编号</property>
		<property field="02getM_name">标准名称</property>
		<property field="03getMbr_cname">检测项目</property>
		<property field="04getMatrix">基质适用范围</property>
		<property field="05getLine">检测底限</property>
		<property field="06getUnit">底限单位</property>
		<property field="07getPrinciple">原理</property>
		<property field="08getDocument">原文</property>
		<property field="09getMet_profile">方法概要（文件）</property>
		<property field="10getSta_class">标准类别</property>
		<property field="11getRel_date">发布日期</property>
		<property field="12getDra_unit">发布单位</property>
		<property field="13getSta_state">标准状态</property>
		<property field="14getUnit">底限单位</property>
  </project>
	
	
	<project name="laws">
        <property field="01getProof">法律文号</property>
		<property field="02getLaws_name">法律名称</property>
		<property field="03getCountries">国家</property>
		<property field="04getDepartment">发布单位</property>
		<property field="05getRel_date">发布日期</property>
		<property field="06getAct_date">实施日期</property>
		<property field="07getLaws_state">法律状态</property>
		<property field="08getDocument">法律原文</property>
  </project>
  
  
  <project name="laboratory">
        <property field="01getLab_name">实验室名称</property>
		<property field="02getAddress">地址</property>
		<property field="03getContact">联系方式</property>
		<property field="04getFunctionary">负责人</property>
  </project>
  
  <project name="labapt">
        <property field="01getSerial_id">序号</property>
		<property field="02getP_category">食品类别</property>
		<property field="03getP_name">检测对象</property>
		<property field="04getProject_id">项目序号</property>
		<property field="05getMbr_cname">项目名称</property>
		<property field="06getDemain_code">领域代码</property>
		<property field="07getStaMethod">检测标准（方法）</property>
		<property field="08getLimit_scope">限制范围</property>
		<property field="09getExplaination">说明</property>
		<property field="10getAptutide">资质类别</property>
  </project>
   <project name="typical">
        <property field="01getTitle">案例标题</property>
		<property field="02getAuthor">作者</property>
		<property field="03getDocument">文档</property>
		<property field="04getIntroduction">案例简介</property>
		<property field="05getDoc_date">案例录入时间</property>
  </project>
  
	
</export>