<actions>
	<action name="DetectionAction" class="cn.jxqt.action.DetectionAction">
		<result name="successful">user_file/InforDec/report.jsp</result>
		<result name="error">HazardsAction.do</result>
	</action>
	<action name="HazardsAction" class="cn.jxqt.action.HazardsAction">
		<result name="successful">user_file/InforDec/detectionScheme.jsp</result>
		<result name="error">index.jsp</result>
	</action>
	<action name="Audit.delete" class="cn.jxqt.action.AuditAction" match="{1}">
		<result name="success">user_file/Audit/Audit.jsp</result>
		<result name="error">index.jsp</result>
	</action>
	<action name="LogAction" class="cn.jxqt.action.LogAction">
		<result name="success">backstage_file/back/caozuorizhi.jsp</result>
	</action>
</actions>