<actions>
	<action name="DetectionAnalysisServlet" class="cn.jxqt.action.DetectionAnalysisAction">
		<result name="successful">user_file/InforDec/result.jsp</result>
	</action>
	<action name="GetValueServlet" class="cn.jxqt.action.GetValueAction">
	
	</action>
	<action name="LabNameAction" class="cn.jxqt.action.LabNameAction">
		<result name="successful">user_file/InforDec/analysic.jsp</result>
	</action>
	
	<action name="skip" class="cn.jxqt.action.SkipAction">
		<result name="successful">user_file/InforDec/result.jsp</result>
	</action>
	<!-- <include file="action1.xml"></include> -->
</actions>