<actions>
	<!--match的1代表是第一个*号，如何可以通过action来确定viewName则配置此参数，会自动收集对应的表单对象 -->
	<action name="UserInfo\.*" class="cn.jxqt.action.BackOperateAction"
		match="{1}">
		<result name="add">backstage_file/back/UserInfo_add.jsp</result>
		<result name="other">backstage_file/back/UserInfo.jsp</result>
	</action>
	<action name="UserInfo" class="cn.jxqt.action.BackQueryAction">
		<result name="success">backstage_file/back/{1}.jsp</result>
	</action>
	<action name="WorkLoad" class="cn.jxqt.action.BackQueryAction">
		<result name="success">backstage_file/back/{1}.jsp</result>
	</action>
	<action name="User.Ajax" class="cn.jxqt.action.AjaxQueryAction"
		match="{1}">
		<result name="success" type="redict"></result>
	</action>
	<action name="WorkLoad.Ajax" class="cn.jxqt.action.AjaxQueryAction"
		match="{1}">
		<result name="success" type="redict"></result>
	</action>
	<action name="CreateWork" class="cn.jxqt.action.CreateWordAction"
		match="{1}">
		<result name="success" type="redict"></result>
	</action>
</actions>
