<?xml version="1.0" encoding="UTF-8"?>
<root>
	<node>Alarm0</node>
	<node>Alarm1</node>
	<node>Law0</node>
	<node>Law1</node>
	<node>Law2</node>
	<node>Law3</node>
	<node>Law4</node>
	<node>Standard00</node>
	<node>Standard01</node>
	<node>Standard02</node>
	<node>Standard03</node>
	<node>Standard04</node>
	<node>Standard05</node>
	<node>Standard10</node>
	<node>Standard11</node>
	<node>Standard12</node>
	<node>Standard13</node>
	<node>Standard14</node>
	<node>Standard15</node>
	<node>Hazards00</node>
	<node>Hazards01</node>
	<node>Hazards02</node>
	<node>Hazards03</node>
	<node>Hazards04</node>
	<node>Hazards05</node>
	<node>Hazards06</node>
	<node>Hazards10</node>
	<node>Hazards11</node>
	<node>Hazards12</node>
	<node>Hazards13</node>
	<node>Laboratory</node>
	<node>LabApt</node>
	<node>LabTest</node>
	<node>Typical</node>
</root>
