<actions>
	<!--match的1代表是第一个*号，如何可以通过action来确定viewName则配置此参数，会自动收集对应的表单对象 -->
	<action name="login\.*" class="cn.jxqt.action.LoginAction" >
    	<result name="success1">index.jsp</result> 
      	<result name="success2">backstage_file/index.jsp</result>
	 	<result name="failed">login.jsp</result> 
	</action>
		<action name="VerifyPageConf\.*" class="cn.jxqt.action.VerifyPageConfAction" >
    	<result name="verify">user_file/Verify/verify.jsp</result> 
	</action>
	<action name="forget\.*" class="cn.jxqt.action.FogetPasAction">
		<result name="success">anwserQues.jsp</result>
		<result name="failed">forgetPas.jsp</result>
	</action>
	<action name="anwser\.*" class="cn.jxqt.action.AnswerQueAction">
		<result name="success">alertPas.jsp</result>
		<result name="failed">anwserQues.jsp</result>
	</action>
	<action name="userManage\.*" class="cn.jxqt.action.UserInfoManageAction" >
		<result name="user_file/User/user.jsp">user_file/User/user.jsp</result>
		<result name="user_file/User/User_updatePassword.jsp">Cancellation.jsp</result>
		<result name="user_file/User/user_mibao.jsp">user_file/User/user.jsp</result>
		<result name="login.jsp">login.jsp</result>
	</action>
	<!-- <include file="action1.xml"></include> -->

</actions>